id,filename,date,vol,no,pages,words
90373,cn1948-04-21.txt,1948-04-21,34,21,4,8256
87034,cn1936-02-26.txt,1936-02-26,22,14,6,13929
90136,cn1948-12-08.txt,1948-12-08,35,10,6,12969
92058,cn1956-10-10.txt,1956-10-10,43,2,6,12804
92208,cn1961-10-11.txt,1961-10-11,48,3,6,15596
87358,cn1930-02-26.txt,1930-02-26,16,14,6,16179
90447,cn1946-09-30.txt,1946-09-30,33,1,4,7349
6995,cn1918-03-21.txt,1918-03-21,4,20,6,9280
91258,cn1956-10-17.txt,1956-10-17,43,3,6,10970
90339,cn1948-10-06.txt,1948-10-06,35,2,4,8175
91117,cn1949-05-31.txt,1949-05-31,35,25,6,9451
90703,cn1951-03-21.txt,1951-03-21,37,17,8,17275
6803,cn1916-02-14.txt,1916-02-14,3,15,6,10508
35240,cn1919-11-25.txt,1919-11-25,6,9,6,9472
88218,cn1928-05-09.txt,1928-05-09,14,24,6,20125
91395,cn1954-12-01.txt,1954-12-01,41,9,6,12648
87811,cn1934-12-12.txt,1934-12-12,21,8,6,14783
35255,cn1920-04-28.txt,1920-04-28,6,25,6,10061
92109,cn1958-12-10.txt,1958-12-10,45,9,6,13609
86695,cn1924-03-19.txt,1924-03-19,10,19,6,10412
88596,cn1943-12-01.txt,1943-12-01,30,10,4,8652
90765,cn1948-02-18.txt,1948-02-18,34,14,4,7543
35235,cn1919-10-21.txt,1919-10-21,6,4,4,6853
6993,cn1918-03-14.txt,1918-03-14,4,19,6,9342
90653,cn1952-04-23.txt,1952-04-23,38,22,6,11399
93288,cn1968-03-01.txt,1968-03-01,54,15,12,27001
87299,cn1932-01-13.txt,1932-01-13,18,10,4,10294
91848,cn1955-05-02.txt,1955-05-02,41,23,6,13249
93301,cn1963-02-13.txt,1963-02-13,49,12,6,18712
6506,cn1915-01-07.txt,1915-01-07,1,12,4,5388
86616,cn1924-10-29.txt,1924-10-29,11,5,6,10748
35604,cn1921-04-13.txt,1921-04-13,7,22,6,10269
6989,cn1918-02-14.txt,1918-02-14,4,15,6,11372
88589,cn1943-05-01.txt,1943-05-01,29,23,6,14209
6499,cn1914-10-29.txt,1914-10-29,1,5,4,5889
91841,cn1962-05-09.txt,1962-05-09,48,21,6,15805
35616,cn1920-11-17.txt,1920-11-17,7,8,6,11801
92044,cn1960-03-23.txt,1960-03-23,46,18,6,14856
91811,cn1955-10-19.txt,1955-10-19,42,3,6,12534
6990,cn1918-02-21.txt,1918-02-21,4,16,6,9698
86630,cn1925-04-15.txt,1925-04-15,11,22,6,10774
89718,cn1951-02-28.txt,1951-02-28,37,14,6,13301
87839,cn1933-11-15.txt,1933-11-15,20,6,8,21524
92907,cn1965-02-12.txt,1965-02-12,51,12,6,13312
91945,cn1958-03-12.txt,1958-03-12,44,16,6,14105
90078,cn1951-03-14.txt,1951-03-14,37,16,6,13118
88022,cn1931-11-17.txt,1931-11-17,18,7,8,19304
6660,cn1916-03-22.txt,1916-03-22,2,22,4,7697
92431,cn1967-12-01.txt,1967-12-01,54,10,4,9104
88766,cn1937-11-17.txt,1937-11-17,24,7,6,13186
6512,cn1915-02-25.txt,1915-02-25,1,18,4,5710
88017,cn1929-12-18.txt,1929-12-18,16,10,4,13235
89258,cn1943-05-19.txt,1943-05-19,29,25,4,7799
90416,cn1952-03-05.txt,1952-03-05,38,17,6,13759
89211,cn1942-03-11.txt,1942-03-11,28,18,6,12279
93062,cn1967-11-17.txt,1967-11-17,54,9,12,20400
86914,cn1929-12-11.txt,1929-12-11,16,9,4,12636
88211,cn1926-11-10.txt,1926-11-10,13,7,6,17731
6811,cn1917-04-11.txt,1917-04-11,3,23,6,10124
89081,cn1941-04-23.txt,1941-04-23,27,21,6,11617
89175,cn1941-03-05.txt,1941-03-05,27,16,4,8764
89076,cn1939-10-18.txt,1939-10-18,26,2,4,10287
7770,cn1919-02-26.txt,1919-02-26,5,18,6,10566
92957,cn1964-04-10.txt,1964-04-10,50,18,4,9166
91530,cn1959-10-07.txt,1959-10-07,46,2,6,15586
88057,cn1929-10-30.txt,1929-10-30,16,4,4,12292
90390,cn1951-04-18.txt,1951-04-18,37,19,6,12217
86851,cn1934-12-19.txt,1934-12-19,21,9,4,11021
92488,cn1962-10-03.txt,1962-10-03,49,2,4,9814
93218,cn1965-10-15.txt,1965-10-15,52,3,4,9583
93281,cn1963-04-24.txt,1963-04-24,49,20,6,13930
86443,cn1924-10-08.txt,1924-10-08,11,2,6,10875
87953,cn1932-11-16.txt,1932-11-16,19,5,6,15973
87705,cn1926-12-15.txt,1926-12-15,13,11,6,17679
90731,cn1948-09-27.txt,1948-09-27,35,1,4,7638
89692,cn1946-04-24.txt,1946-04-24,32,21,4,7559
87552,cn1936-04-22.txt,1936-04-22,22,21,8,20293
88515,cn1941-12-17.txt,1941-12-17,28,12,4,8469
87892,cn1936-03-18.txt,1936-03-18,22,17,6,15295
88199,cn1930-01-15.txt,1930-01-15,16,11,4,10256
35244,cn1920-01-21.txt,1920-01-21,6,13,6,9743
6657,cn1916-03-02.txt,1916-03-02,2,19,4,7908
91021,cn1947-01-15.txt,1947-01-15,33,12,4,7569
90928,cn1945-02-28.txt,1945-02-28,31,17,4,8901
90073,cn1944-11-22.txt,1944-11-22,31,9,4,9652
93115,cn1962-12-12.txt,1962-12-12,49,10,6,14583
91466,cn1955-03-09.txt,1955-03-09,41,17,6,12139
35239,cn1919-11-19.txt,1919-11-19,6,8,6,10625
91766,cn1959-11-18.txt,1959-11-18,46,8,6,13632
92079,cn1955-02-09.txt,1955-02-09,41,13,6,13364
88858,cn1942-04-15.txt,1942-04-15,28,21,8,16984
35249,cn1920-03-10.txt,1920-03-10,6,18,6,10193
89926,cn1950-01-18.txt,1950-01-18,36,12,6,12487
7006,cn1917-10-24.txt,1917-10-24,4,4,6,11183
88074,cn1931-05-13.txt,1931-05-13,17,22,4,10995
7001,cn1918-05-16.txt,1918-05-16,4,26,6,11841
35607,cn1921-05-04.txt,1921-05-04,7,25,6,11381
6665,cn1916-05-04.txt,1916-05-04,2,27,4,5722
88620,cn1939-03-15.txt,1939-03-15,25,16,6,17024
91307,cn1957-11-06.txt,1957-11-06,44,6,6,15020
75338,cn1922-10-18.txt,1922-10-18,9,3,6,10265
88981,cn1941-10-29.txt,1941-10-29,28,5,6,12674
92962,cn1968-10-18.txt,1968-10-18,55,5,4,8051
90602,cn1954-03-17.txt,1954-03-17,40,17,6,12394
52143,cn1922-04-26.txt,1922-04-26,8,21,6,11838
90894,cn1952-10-15.txt,1952-10-15,39,3,6,12937
86220,cn1923-10-24.txt,1923-10-24,10,4,6,12449
90430,cn1947-10-29.txt,1947-10-29,34,5,6,13276
92248,cn1955-11-09.txt,1955-11-09,42,6,6,13430
90868,cn1950-05-01.txt,1950-05-01,36,22,6,12807
89313,cn1942-03-25.txt,1942-03-25,28,20,6,13881
92051,cn1959-04-15.txt,1959-04-15,45,20,6,11945
92269,cn1954-10-27.txt,1954-10-27,41,5,4,7108
93249,cn1963-10-18.txt,1963-10-18,50,4,8,19442
6986,cn1918-01-10.txt,1918-01-10,4,12,6,10597
93139,cn1966-10-07.txt,1966-10-07,53,4,8,14660
52133,cn1922-01-18.txt,1922-01-18,8,12,6,10969
88697,cn1937-01-15.txt,1937-01-15,23,12,4,9326
6998,cn1918-04-25.txt,1918-04-25,4,23,6,10040
90522,cn1953-11-11.txt,1953-11-11,40,7,4,7201
91874,cn1955-12-07.txt,1955-12-07,42,8,6,11083
88470,cn1943-03-10.txt,1943-03-10,29,18,6,13164
88787,cn1938-04-06.txt,1938-04-06,24,20,4,10547
6639,cn1915-09-19.txt,1915-09-19,2,1,4,7580
87806,cn1928-06-06.txt,1928-06-06,14,27,4,11109
89544,cn1938-01-12.txt,1938-01-12,24,12,6,14723
88957,cn1942-11-25.txt,1942-11-25,29,9,4,9657
89289,cn1942-10-29.txt,1942-10-29,29,5,4,7548
91938,cn1958-11-05.txt,1958-11-05,45,6,6,14977
35605,cn1921-04-20.txt,1921-04-20,7,23,6,11016
89912,cn1950-02-22.txt,1950-02-22,36,14,6,13366
90191,cn1944-11-08.txt,1944-11-08,31,7,4,8937
88548,cn1939-11-15.txt,1939-11-15,26,6,4,8394
87102,cn1928-12-19.txt,1928-12-19,15,10,4,10965
92709,cn1962-11-14.txt,1962-11-14,49,8,6,16180
89088,cn1940-02-28.txt,1940-02-28,26,14,6,14145
87823,cn1935-11-06.txt,1935-11-06,22,4,8,22016
6642,cn1915-10-21.txt,1915-10-21,2,4,4,7909
89007,cn1939-04-26.txt,1939-04-26,25,20,6,17137
86408,cn1923-10-17.txt,1923-10-17,10,3,6,11617
92594,cn1962-10-10.txt,1962-10-10,49,3,4,9604
87041,cn1929-10-09.txt,1929-10-09,16,1,6,16513
35603,cn1921-04-06.txt,1921-04-06,7,21,6,11027
87643,cn1930-03-26.txt,1930-03-26,16,18,6,20246
7764,cn1919-01-09.txt,1919-01-09,5,12,6,11019
90933,cn1950-12-06.txt,1950-12-06,37,9,6,13686
91428,cn1958-02-26.txt,1958-02-26,44,14,8,18042
89940,cn1951-10-17.txt,1951-10-17,38,4,6,12157
92241,cn1956-11-14.txt,1956-11-14,43,7,6,11719
90378,cn1946-11-06.txt,1946-11-06,33,6,4,8212
89306,cn1940-02-14.txt,1940-02-14,26,12,6,15176
92817,cn1964-06-01.txt,1964-06-01,50,23,4,9009
92941,cn1967-02-10.txt,1967-02-10,53,12,8,21339
88406,cn1941-03-12.txt,1941-03-12,27,17,6,12847
89445,cn1940-04-17.txt,1940-04-17,26,19,8,18579
88251,cn1927-12-14.txt,1927-12-14,14,9,4,11554
90066,cn1945-05-02.txt,1945-05-02,31,24,6,14454
75221,cn1922-11-08.txt,1922-11-08,9,6,7,12500
86756,cn1924-12-03.txt,1924-12-03,11,9,6,11673
86888,cn1935-10-09.txt,1935-10-09,22,1,6,15084
86945,cn1929-11-20.txt,1929-11-20,16,7,4,11994
6812,cn1917-04-25.txt,1917-04-25,3,24,6,10428
35591,cn1920-12-08.txt,1920-12-08,7,10,6,11168
90411,cn1944-10-12.txt,1944-10-12,31,3,4,9395
90024,cn1951-11-07.txt,1951-11-07,38,7,8,17340
90539,cn1951-12-12.txt,1951-12-12,38,11,6,13138
91031,cn1948-03-24.txt,1948-03-24,34,19,4,8457
89270,cn1940-05-08.txt,1940-05-08,26,22,6,13510
92144,cn1955-10-12.txt,1955-10-12,42,2,6,12764
52141,cn1921-10-12.txt,1921-10-12,8,2,6,12008
7007,cn1917-10-31.txt,1917-10-31,4,5,6,10435
89759,cn1948-05-12.txt,1948-05-12,34,24,4,7184
89402,cn1940-10-16.txt,1940-10-16,27,3,6,12564
91372,cn1958-10-22.txt,1958-10-22,45,4,6,14474
91079,cn1952-05-07.txt,1952-05-07,38,24,6,11272
89663,cn1953-10-14.txt,1953-10-14,40,3,6,14265
52142,cn1922-04-19.txt,1922-04-19,8,20,6,10719
93163,cn1966-05-06.txt,1966-05-06,52,22,16,33467
90005,cn1953-03-25.txt,1953-03-25,39,18,4,8487
90983,cn1949-10-19.txt,1949-10-19,36,3,6,13824
90923,cn1953-09-27.txt,1953-09-27,40,1,4,5395
88582,cn1938-03-02.txt,1938-03-02,24,16,6,16023
89771,cn1945-05-09.txt,1945-05-09,31,25,4,9408
6649,cn1915-12-09.txt,1915-12-09,2,11,4,7545
87478,cn1927-02-23.txt,1927-02-23,13,16,4,10891
35592,cn1920-12-15.txt,1920-12-15,7,11,6,10766
88420,cn1943-10-21.txt,1943-10-21,30,4,6,11626
92647,cn1964-03-20.txt,1964-03-20,50,17,6,9739
90101,cn1950-10-25.txt,1950-10-25,37,4,6,12366
89685,cn1950-11-15.txt,1950-11-15,37,7,6,12026
89237,cn1941-10-22.txt,1941-10-22,28,4,6,13334
92556,cn1962-11-07.txt,1962-11-07,49,7,4,11020
52135,cn1922-02-22.txt,1922-02-22,8,14,6,11137
90490,cn1946-11-13.txt,1946-11-13,33,7,4,8598
89204,cn1940-10-30.txt,1940-10-30,27,5,6,12651
87752,cn1931-05-06.txt,1931-05-06,17,21,8,24119
89530,cn1936-12-02.txt,1936-12-02,23,8,6,15405
6648,cn1915-12-02.txt,1915-12-02,2,10,4,7882
35611,cn1920-10-13.txt,1920-10-13,7,3,6,10429
89038,cn1941-12-10.txt,1941-12-10,28,11,6,11818
88140,cn1936-03-11.txt,1936-03-11,22,16,6,14120
88368,cn1943-06-08.txt,1943-06-08,29,26,4,10103
90478,cn1951-11-28.txt,1951-11-28,38,9,6,12011
92319,cn1962-02-21.txt,1962-02-21,48,13,6,16294
89225,cn1939-11-08.txt,1939-11-08,26,5,6,14137
6661,cn1916-03-30.txt,1916-03-30,2,23,4,6866
92383,cn1965-03-19.txt,1965-03-19,51,17,4,9735
91487,cn1962-05-02.txt,1962-05-02,48,20,4,10510
86457,cn1924-02-13.txt,1924-02-13,10,14,6,11916
88844,cn1942-06-02.txt,1942-06-02,28,26,6,15844
86401,cn1926-02-17.txt,1926-02-17,12,14,6,12423
89971,cn1946-05-22.txt,1946-05-22,32,25,4,10212
90500,cn1947-03-19.txt,1947-03-19,33,19,4,7732
88575,cn1941-02-12.txt,1941-02-12,27,13,6,14076
87086,cn1931-10-21.txt,1931-10-21,18,3,6,12539
7000,cn1918-05-09.txt,1918-05-09,4,25,6,8387
89057,cn1940-06-05.txt,1940-06-05,26,24,8,18928
91715,cn1960-02-24.txt,1960-02-24,46,14,8,19089
88773,cn1939-10-25.txt,1939-10-25,26,3,6,14665
91553,cn1955-03-23.txt,1955-03-23,41,19,4,5797
89587,cn1938-01-05.txt,1938-01-05,24,11,4,8680
89114,cn1941-02-19.txt,1941-02-19,27,14,6,14286
91506,cn1958-04-23.txt,1958-04-23,44,20,6,11719
88133,cn1935-10-23.txt,1935-10-23,22,2,6,14124
88225,cn1927-02-09.txt,1927-02-09,13,14,6,17562
86980,cn1930-03-05.txt,1930-03-05,16,15,6,16525
92841,cn1966-09-23.txt,1966-09-23,53,2,8,20495
6645,cn1915-11-11.txt,1915-11-11,2,7,4,7625
88031,cn1936-06-08.txt,1936-06-08,22,25,6,17230
90585,cn1949-04-13.txt,1949-04-13,35,20,6,12937
7761,cn1918-11-27.txt,1918-11-27,5,9,6,11384
90665,cn1947-04-23.txt,1947-04-23,33,22,4,7962
6813,cn1917-05-02.txt,1917-05-02,3,25,6,9045
88351,cn1944-01-19.txt,1944-01-19,30,13,4,9766
89464,cn1942-09-28.txt,1942-09-28,29,1,4,9942
92822,cn1968-02-09.txt,1968-02-09,54,12,8,13197
91773,cn1961-04-12.txt,1961-04-12,47,18,6,14253
90614,cn1946-03-06.txt,1946-03-06,32,16,4,8629
88079,cn1931-03-04.txt,1931-03-04,17,14,4,11917
86825,cn1927-11-22.txt,1927-11-22,14,7,6,18545
87337,cn1928-02-15.txt,1928-02-15,14,13,6,17428
87761,cn1929-11-06.txt,1929-11-06,16,5,4,9538
91195,cn1961-01-18.txt,1961-01-18,47,11,6,14089
92585,cn1966-04-29.txt,1966-04-29,52,21,8,16438
6520,cn1915-05-06.txt,1915-05-06,1,26,2,4393
6640,cn1915-10-07.txt,1915-10-07,2,2,4,7848
6999,cn1918-05-02.txt,1918-05-02,4,24,6,9593
91362,cn1960-11-09.txt,1960-11-09,47,6,4,7247
93134,cn1965-11-12.txt,1965-11-12,52,7,4,9838
91009,cn1944-12-06.txt,1944-12-06,31,11,4,8460
92967,cn1967-10-27.txt,1967-10-27,54,6,8,16705
87160,cn1927-05-04.txt,1927-05-04,13,24,6,13133
90684,cn1949-04-27.txt,1949-04-27,35,22,6,12527
90225,cn1945-10-01.txt,1945-10-01,32,1,4,8965
88330,cn1932-05-31.txt,1932-05-31,18,22,8,18314
86672,cn1923-10-10.txt,1923-10-10,10,2,6,9412
92229,cn1960-12-07.txt,1960-12-07,47,8,6,13333
90273,cn1953-10-21.txt,1953-10-21,40,4,6,13608
91292,cn1959-03-18.txt,1959-03-18,45,17,6,14557
87740,cn1927-01-19.txt,1927-01-19,13,13,4,10628
91787,cn1957-12-11.txt,1957-12-11,44,9,6,14280
6522,cn1915-05-20.txt,1915-05-20,1,28,4,9010
6517,cn1915-04-15.txt,1915-04-15,1,23,4,8913
91421,cn1956-11-07.txt,1956-11-07,43,6,6,12340
88976,cn1939-12-06.txt,1939-12-06,26,8,4,9585
89642,cn1948-02-11.txt,1948-02-11,34,13,4,8599
92455,cn1963-04-17.txt,1963-04-17,49,19,6,16937
89697,cn1953-03-18.txt,1953-03-18,39,17,6,13074
6662,cn1916-04-06.txt,1916-04-06,2,24,4,7672
87423,cn1929-06-03.txt,1929-06-03,15,24,6,17632
7755,cn1918-10-17.txt,1918-10-17,5,3,6,8788
89416,cn1938-10-26.txt,1938-10-26,25,3,6,16789
6817,cn1917-05-30.txt,1917-05-30,3,29,6,10762
90631,cn1950-04-12.txt,1950-04-12,36,19,6,15030
35252,cn1920-03-30.txt,1920-03-30,6,21,6,11383
35598,cn1921-03-02.txt,1921-03-02,7,17,6,10811
86486,cn1925-02-25.txt,1925-02-25,11,16,6,9891
86415,cn1925-01-21.txt,1925-01-21,11,13,6,10619
90592,cn1947-02-26.txt,1947-02-26,33,16,4,7165
88385,cn1940-03-06.txt,1940-03-06,26,15,6,13640
87575,cn1926-11-03.txt,1926-11-03,13,6,4,11701
92091,cn1956-03-14.txt,1956-03-14,42,16,7,12858
89814,cn1948-03-17.txt,1948-03-17,34,18,4,8080
90462,cn1952-03-19.txt,1952-03-19,38,19,8,20893
91572,cn1957-02-27.txt,1957-02-27,43,14,8,19050
86788,cn1935-11-20.txt,1935-11-20,22,6,6,13397
88735,cn1937-12-08.txt,1937-12-08,24,9,6,14826
91724,cn1955-04-20.txt,1955-04-20,41,21,6,12590
52130,cn1921-10-06.txt,1921-10-06,8,1,6,11045
87276,cn1935-12-04.txt,1935-12-04,22,7,8,22180
89623,cn1940-09-30.txt,1940-09-30,27,1,4,8315
52147,cn1922-06-07.txt,1922-06-07,8,25,8,12486
86592,cn1924-04-23.txt,1924-04-23,10,23,6,11243
91348,cn1961-04-19.txt,1961-04-19,47,19,6,11962
92836,cn1965-05-31.txt,1965-05-31,51,23,4,7722
86907,cn1934-12-05.txt,1934-12-05,21,7,6,17167
87416,cn1933-01-18.txt,1933-01-18,19,10,6,15312
87974,cn1927-10-12.txt,1927-10-12,14,1,4,11043
91731,cn1957-09-29.txt,1957-09-29,44,1,6,9995
88091,cn1931-03-18.txt,1931-03-18,17,16,4,9322
87409,cn1931-03-25.txt,1931-03-25,17,17,6,15530
90404,cn1953-02-18.txt,1953-02-18,39,13,6,12327
91275,cn1961-04-26.txt,1961-04-26,47,20,6,13616
87316,cn1936-02-19.txt,1936-02-19,22,13,8,21747
90515,cn1954-03-24.txt,1954-03-24,40,18,6,14483
92352,cn1959-02-18.txt,1959-02-18,45,13,6,13889
90452,cn1946-05-08.txt,1946-05-08,32,23,4,8266
86679,cn1923-11-21.txt,1923-11-21,10,8,6,11938
89867,cn1953-11-04.txt,1953-11-04,40,6,6,13045
88453,cn1939-11-01.txt,1939-11-01,26,4,4,8675
52154,cn1921-12-07.txt,1921-12-07,8,9,6,12319
6652,cn1916-01-13.txt,1916-01-13,2,14,4,8189
7769,cn1919-02-19.txt,1919-02-19,5,17,6,9589
89628,cn1951-10-10.txt,1951-10-10,38,3,6,12719
89933,cn1952-12-10.txt,1952-12-10,39,10,6,11643
87234,cn1933-11-22.txt,1933-11-22,20,7,6,14007
90670,cn1948-11-10.txt,1948-11-10,35,7,6,14134
90832,cn1946-01-23.txt,1946-01-23,32,12,4,9256
90815,cn1952-02-13.txt,1952-02-13,38,14,6,12144
90954,cn1948-10-27.txt,1948-10-27,35,5,4,8383
7771,cn1919-03-05.txt,1919-03-05,5,19,6,10343
90844,cn1944-10-25.txt,1944-10-25,31,5,4,10022
87325,cn1928-10-24.txt,1928-10-24,15,3,6,17699
90712,cn1950-04-19.txt,1950-04-19,36,20,6,13666
89294,cn1938-02-09.txt,1938-02-09,24,13,6,16906
86366,cn1925-03-24.txt,1925-03-24,11,20,6,10270
86931,cn1934-03-14.txt,1934-03-14,20,17,6,14284
91386,cn1959-03-25.txt,1959-03-25,45,18,8,14315
87780,cn1931-12-16.txt,1931-12-16,18,9,6,15267
92312,cn1962-04-25.txt,1962-04-25,48,19,6,13712
35600,cn1921-03-16.txt,1921-03-16,7,19,6,10138
87516,cn1928-01-25.txt,1928-01-25,14,12,2,4881
89156,cn1941-11-05.txt,1941-11-05,28,6,4,8277
91886,cn1957-02-20.txt,1957-02-20,43,13,6,13390
89905,cn1954-02-10.txt,1954-02-10,40,12,6,13285
92580,cn1966-05-30.txt,1966-05-30,52,23,4,6297
92359,cn1961-11-08.txt,1961-11-08,48,7,4,11406
88441,cn1940-12-11.txt,1940-12-11,27,10,6,11939
86394,cn1924-05-21.txt,1924-05-21,10,27,6,10952
6516,cn1915-03-25.txt,1915-03-25,1,22,4,9023
90040,cn1947-04-09.txt,1947-04-09,33,20,4,7508
89599,cn1938-03-09.txt,1938-03-09,24,17,4,10111
87205,cn1933-11-01.txt,1933-11-01,20,4,6,13585
88510,cn1944-02-09.txt,1944-02-09,30,14,4,9122
87217,cn1933-01-25.txt,1933-01-25,19,11,4,9094
89795,cn1944-11-29.txt,1944-11-29,31,10,4,9959
86537,cn1923-12-19.txt,1923-12-19,10,12,6,10479
91141,cn1950-10-11.txt,1950-10-11,37,2,6,12757
90626,cn1951-09-24.txt,1951-09-24,38,1,4,7081
87875,cn1929-05-01.txt,1929-05-01,15,21,4,9615
86709,cn1926-03-24.txt,1926-03-24,12,19,6,10766
92013,cn1960-01-13.txt,1960-01-13,46,11,6,13467
90827,cn1949-03-16.txt,1949-03-16,35,18,4,8194
90143,cn1947-12-17.txt,1947-12-17,34,11,4,8247
88498,cn1940-10-23.txt,1940-10-23,27,4,6,13191
6521,cn1915-05-13.txt,1915-05-13,1,27,4,8292
87062,cn1929-10-23.txt,1929-10-23,16,3,4,9145
89947,cn1953-12-09.txt,1953-12-09,40,9,6,12309
75345,cn1923-03-14.txt,1923-03-14,9,18,6,10141
90437,cn1952-03-26.txt,1952-03-26,38,20,4,6017
93044,cn1966-02-11.txt,1966-02-11,52,12,8,17822
87112,cn1932-12-14.txt,1932-12-14,19,8,4,12952
89459,cn1943-11-10.txt,1943-11-10,30,7,4,7859
87132,cn1932-02-24.txt,1932-02-24,18,13,6,14033
88110,cn1930-11-05.txt,1930-11-05,17,5,6,16866
92609,cn1968-09-13.txt,1968-09-13,55,1,4,7247
86773,cn1926-10-13.txt,1926-10-13,13,3,4,11236
89680,cn1951-04-11.txt,1951-04-11,37,18,4,8136
87698,cn1931-04-22.txt,1931-04-22,17,19,6,20202
92661,cn1965-02-19.txt,1965-02-19,51,13,4,9153
88816,cn1944-03-01.txt,1944-03-01,30,17,4,9560
92976,cn1966-10-28.txt,1966-10-28,53,7,4,7608
88062,cn1931-01-14.txt,1931-01-14,17,10,4,11716
88413,cn1937-04-14.txt,1937-04-14,23,21,6,14740
92672,cn1967-05-01.txt,1967-05-01,53,20,8,13919
89981,cn1950-03-22.txt,1950-03-22,36,18,6,14206
87766,cn1928-03-21.txt,1928-03-21,14,18,6,19630
91926,cn1956-04-25.txt,1956-04-25,42,20,4,5817
35236,cn1919-10-28.txt,1919-10-28,6,5,4,6407
90323,cn1951-02-21.txt,1951-02-21,37,13,8,18775
90619,cn1951-10-03.txt,1951-10-03,38,2,6,12272
89014,cn1943-05-12.txt,1943-05-12,29,24,6,12988
6658,cn1916-03-09.txt,1916-03-09,2,20,4,6462
92921,cn1967-11-03.txt,1967-11-03,54,7,4,9267
92886,cn1963-09-20.txt,1963-09-20,50,1,4,10182
91480,cn1955-04-27.txt,1955-04-27,41,22,6,11920
75352,cn1923-02-14.txt,1923-02-14,9,14,6,11976
86257,cn1925-02-11.txt,1925-02-11,11,14,8,13625
91367,cn1957-01-16.txt,1957-01-16,43,11,4,9000
6805,cn1917-02-28.txt,1917-02-28,3,17,6,10243
87920,cn1929-03-20.txt,1929-03-20,15,17,4,9823
87967,cn1931-11-11.txt,1931-11-11,18,6,6,13552
92436,cn1966-01-14.txt,1966-01-14,52,11,4,9320
75268,cn1923-05-09.txt,1923-05-09,9,24,6,12288
91907,cn1961-02-15.txt,1961-02-15,47,12,6,13663
93228,cn1964-09-18.txt,1964-09-18,51,1,4,8348
88491,cn1939-06-07.txt,1939-06-07,25,24,6,19578
88837,cn1939-05-10.txt,1939-05-10,25,22,6,16285
86422,cn1925-04-29.txt,1925-04-29,11,24,6,12385
75402,cn1923-05-16.txt,1923-05-16,9,25,6,12187
92891,cn1965-11-19.txt,1965-11-19,52,8,8,17585
89783,cn1946-10-09.txt,1946-10-09,33,2,4,7494
88399,cn1941-03-26.txt,1941-03-26,27,19,6,12683
86971,cn1926-12-08.txt,1926-12-08,13,10,8,24393
87930,cn1930-04-16.txt,1930-04-16,16,19,8,21664
88936,cn1938-05-04.txt,1938-05-04,24,24,6,17038
89747,cn1947-10-15.txt,1947-10-15,34,3,4,7718
87913,cn1928-10-31.txt,1928-10-31,15,4,6,18122
92006,cn1960-05-02.txt,1960-05-02,46,21,6,16420
88969,cn1936-10-14.txt,1936-10-14,23,2,6,12900
6501,cn1914-11-12.txt,1914-11-12,1,7,4,5318
89893,cn1945-10-10.txt,1945-10-10,32,2,6,12616
91520,cn1958-06-03.txt,1958-06-03,44,24,4,7775
75229,cn1923-03-27.txt,1923-03-27,9,20,8,13375
91588,cn1957-04-24.txt,1957-04-24,43,20,4,8420
90115,cn1951-10-31.txt,1951-10-31,38,6,6,12825
35599,cn1921-03-09.txt,1921-03-09,7,18,6,11085
92175,cn1958-09-29.txt,1958-09-29,45,1,6,13749
90753,cn1948-10-20.txt,1948-10-20,35,4,4,7928
91593,cn1958-05-01.txt,1958-05-01,44,21,6,14399
35250,cn1920-03-17.txt,1920-03-17,6,19,6,9316
92798,cn1964-03-06.txt,1964-03-06,50,15,4,8480
89831,cn1945-02-07.txt,1945-02-07,31,14,4,9632
91992,cn1959-03-04.txt,1959-03-04,45,15,6,14689
87139,cn1932-05-11.txt,1932-05-11,18,21,6,13218
86783,cn1926-10-27.txt,1926-10-27,13,5,4,12604
86778,cn1926-10-20.txt,1926-10-20,13,4,4,11463
87939,cn1934-10-24.txt,1934-10-24,21,2,8,21497
87304,cn1928-03-14.txt,1928-03-14,14,17,4,12413
90201,cn1949-10-01.txt,1949-10-01,36,1,4,7660
89263,cn1937-11-03.txt,1937-11-03,24,5,6,14883
90017,cn1949-03-02.txt,1949-03-02,35,16,6,12207
87509,cn1933-12-13.txt,1933-12-13,20,9,6,13410
6503,cn1914-12-03.txt,1914-12-03,1,9,4,5137
87430,cn1933-03-29.txt,1933-03-29,19,17,4,10017
35253,cn1920-04-14.txt,1920-04-14,6,22,6,10018
87053,cn1934-03-07.txt,1934-03-07,20,16,8,21144
6818,cn1917-06-06.txt,1917-06-06,3,30,6,8858
89966,cn1945-01-17.txt,1945-01-17,31,13,4,9164
75317,cn1922-11-01.txt,1922-11-01,9,5,6,10615
88380,cn1942-12-02.txt,1942-12-02,29,10,4,8946
91341,cn1960-04-20.txt,1960-04-20,46,20,6,13160
93240,cn1964-10-01.txt,1964-10-01,51,2,8,18546
91202,cn1955-11-16.txt,1955-11-16,42,7,6,13303
7779,cn1919-05-07.txt,1919-05-07,5,27,6,11770
88178,cn1930-12-10.txt,1930-12-10,17,8,6,16936
88285,cn1927-03-16.txt,1927-03-16,13,19,4,9756
90085,cn1949-11-02.txt,1949-11-02,36,5,6,14490
87587,cn1927-02-16.txt,1927-02-16,13,15,6,17795
91900,cn1957-05-15.txt,1957-05-15,43,23,6,13655
6816,cn1917-05-23.txt,1917-05-23,3,28,6,11131
35251,cn1920-03-24.txt,1920-03-24,6,20,6,11399
6796,cn1916-11-22.txt,1916-11-22,3,8,4,7220
91093,cn1954-03-10.txt,1954-03-10,40,16,6,13754
90471,cn1954-04-14.txt,1954-04-14,40,19,6,11981
91437,cn1955-11-02.txt,1955-11-02,42,5,4,7188
90698,cn1953-06-02.txt,1953-06-02,39,24,4,8868
87146,cn1934-05-16.txt,1934-05-16,20,24,8,19345
89807,cn1949-05-07.txt,1949-05-07,35,23,6,12259
86832,cn1932-03-16.txt,1932-03-16,18,15,4,9938
89476,cn1941-01-15.txt,1941-01-15,27,12,6,13846
90000,cn1945-03-07.txt,1945-03-07,31,18,4,8250
86287,cn1924-11-05.txt,1924-11-05,11,6,6,10432
92628,cn1963-01-16.txt,1963-01-16,49,11,6,17865
75289,cn1923-04-24.txt,1923-04-24,9,22,6,11268
35617,cn1920-11-23.txt,1920-11-23,7,9,6,11259
91607,cn1959-04-22.txt,1959-04-22,45,21,6,15628
88005,cn1933-04-19.txt,1933-04-19,19,18,6,16943
87404,cn1930-03-19.txt,1930-03-19,16,17,4,10243
52139,cn1922-03-22.txt,1922-03-22,8,18,6,10749
35602,cn1921-03-23.txt,1921-03-23,7,20,6,10619
6799,cn1916-12-20.txt,1916-12-20,3,11,6,10564
90911,cn1949-03-23.txt,1949-03-23,35,19,6,13297
89423,cn1936-10-07.txt,1936-10-07,23,1,6,12726
89788,cn1949-02-09.txt,1949-02-09,35,13,6,13096
92666,cn1966-09-16.txt,1966-09-16,53,1,5,9883
89348,cn1944-05-10.txt,1944-05-10,30,25,4,8901
88316,cn1933-06-13.txt,1933-06-13,19,23,6,15452
88344,cn1938-04-13.txt,1938-04-13,24,21,6,14292
89556,cn1939-12-20.txt,1939-12-20,26,10,6,14243
87502,cn1927-01-12.txt,1927-01-12,13,12,6,17737
90794,cn1950-05-10.txt,1950-05-10,36,23,6,15172
88797,cn1939-10-11.txt,1939-10-11,26,1,6,12189
75310,cn1922-12-20.txt,1922-12-20,9,11,6,12361
88458,cn1936-10-21.txt,1936-10-21,23,3,6,12340
87691,cn1932-02-10.txt,1932-02-10,18,11,6,15575
6994,cn1917-10-10.txt,1917-10-10,4,2,6,11097
6655,cn1916-02-17.txt,1916-02-17,2,17,4,7322
88477,cn1942-11-11.txt,1942-11-11,29,7,4,8468
88613,cn1936-12-09.txt,1936-12-09,23,9,6,15588
90597,cn1948-04-14.txt,1948-04-14,34,20,4,8402
91565,cn1955-12-14.txt,1955-12-14,42,9,6,10188
91834,cn1958-11-19.txt,1958-11-19,45,8,6,15128
89435,cn1937-12-01.txt,1937-12-01,24,8,4,9903
92125,cn1960-11-16.txt,1960-11-16,47,7,6,13850
92187,cn1957-03-06.txt,1957-03-06,43,15,6,14983
7754,cn1918-10-10.txt,1918-10-10,5,2,6,12918
87379,cn1934-04-25.txt,1934-04-25,20,21,8,20478
88275,cn1929-03-27.txt,1929-03-27,15,18,4,10666
90213,cn1954-03-03.txt,1954-03-03,40,15,6,12730
7772,cn1919-03-12.txt,1919-03-12,5,20,6,9651
91314,cn1956-10-24.txt,1956-10-24,43,4,6,9905
7005,cn1917-10-17.txt,1917-10-17,4,3,6,9118
90174,cn1947-10-08.txt,1947-10-08,34,2,4,7327
87580,cn1929-05-08.txt,1929-05-08,15,22,6,18513
86429,cn1925-12-02.txt,1925-12-02,12,9,6,12092
6513,cn1915-03-04.txt,1915-03-04,1,19,4,10394
92855,cn1964-12-11.txt,1964-12-11,51,10,8,17397
90495,cn1947-06-03.txt,1947-06-03,33,26,4,7214
88568,cn1940-11-13.txt,1940-11-13,27,7,6,12426
87594,cn1928-05-16.txt,1928-05-16,14,25,6,18412
88792,cn1943-09-25.txt,1943-09-25,30,1,4,10055
75331,cn1923-05-02.txt,1923-05-02,9,23,6,10197
86578,cn1926-02-10.txt,1926-02-10,12,13,6,10603
6997,cn1918-04-18.txt,1918-04-18,4,22,6,10719
89563,cn1937-01-06.txt,1937-01-06,23,11,4,9397
35597,cn1921-02-23.txt,1921-02-23,7,16,6,12452
92215,cn1957-10-30.txt,1957-10-30,44,5,6,14287
88639,cn1942-10-14.txt,1942-10-14,29,3,4,10967
89819,cn1953-05-06.txt,1953-05-06,39,22,6,11393
87979,cn1927-03-23.txt,1927-03-23,13,20,6,14637
6650,cn1915-12-14.txt,1915-12-14,2,12,4,8007
90719,cn1947-11-19.txt,1947-11-19,34,8,4,8331
91124,cn1953-11-18.txt,1953-11-18,40,8,6,11464
92793,cn1965-12-03.txt,1965-12-03,52,9,4,9104
89161,cn1940-10-09.txt,1940-10-09,27,2,6,12376
35233,cn1919-10-07.txt,1919-10-07,6,2,4,6778
88117,cn1934-02-28.txt,1934-02-28,20,15,8,21618
89000,cn1939-11-29.txt,1939-11-29,26,7,6,14222
91072,cn1949-11-16.txt,1949-11-16,36,7,6,13373
91086,cn1951-12-05.txt,1951-12-05,38,10,6,12501
88553,cn1940-02-21.txt,1940-02-21,26,13,6,12892
92281,cn1959-12-03.txt,1959-12-03,46,9,4,10434
91825,cn1959-05-01.txt,1959-05-01,45,22,8,16926
92535,cn1963-10-04.txt,1963-10-04,50,2,8,16870
86359,cn1925-10-21.txt,1925-10-21,12,4,6,12013
93028,cn1966-12-02.txt,1966-12-02,53,11,8,17791
92462,cn1965-04-09.txt,1965-04-09,51,18,8,18359
35232,cn1919-09-30.txt,1919-09-30,6,1,4,6963
93080,cn1964-04-17.txt,1964-04-17,50,19,4,10120
90206,cn1947-03-12.txt,1947-03-12,33,18,6,12551
88712,cn1936-12-16.txt,1936-12-16,23,10,6,14860
90918,cn1953-12-16.txt,1953-12-16,40,10,4,6768
93122,cn1966-04-08.txt,1966-04-08,52,18,6,13252
90052,cn1952-12-17.txt,1952-12-17,39,11,6,12838
87818,cn1929-01-16.txt,1929-01-16,15,11,4,11287
87906,cn1927-03-02.txt,1927-03-02,13,17,6,15922
90186,cn1947-02-12.txt,1947-02-12,33,14,4,9133
88661,cn1943-01-15.txt,1943-01-15,29,12,6,11520
90741,cn1948-06-01.txt,1948-06-01,34,25,4,6991
92981,cn1967-10-06.txt,1967-10-06,54,4,8,16940
92255,cn1957-04-17.txt,1957-04-17,43,19,6,13285
89026,cn1944-03-08.txt,1944-03-08,30,18,4,8582
89372,cn1943-11-17.txt,1943-11-17,30,8,6,13139
91355,cn1960-11-02.txt,1960-11-02,47,5,6,12861
6987,cn1918-01-17.txt,1918-01-17,4,13,6,10870
91060,cn1951-11-14.txt,1951-11-14,38,8,6,13450
93085,cn1965-05-07.txt,1965-05-07,51,4,4,8492
91442,cn1956-10-31.txt,1956-10-31,43,5,6,13410
87880,cn1930-03-12.txt,1930-03-12,16,16,6,17987
6804,cn1917-02-21.txt,1917-02-21,3,16,6,10502
87495,cn1927-04-27.txt,1927-04-27,13,23,6,16345
87344,cn1934-10-10.txt,1934-10-10,21,1,8,22276
7753,cn1918-10-02.txt,1918-10-02,5,1,6,10858
86294,cn1924-12-17.txt,1924-12-17,11,11,6,11950
91167,cn1954-10-06.txt,1954-10-06,41,2,6,13054
89332,cn1937-06-02.txt,1937-06-02,23,26,8,21875
92376,cn1966-03-18.txt,1966-03-18,52,17,6,13386
90822,cn1946-02-27.txt,1946-02-27,32,15,4,9760
93199,cn1964-05-08.txt,1964-05-08,50,22,4,9042
6495,cn1914-09-30.txt,1914-09-30,1,1,4,6708
89107,cn1938-11-10.txt,1938-11-10,25,6,6,15788
35613,cn1920-10-27.txt,1920-10-27,7,5,6,10418
88012,cn1930-10-29.txt,1930-10-29,17,4,4,10563
35258,cn1920-05-19.txt,1920-05-19,6,28,6,10792
88627,cn1940-01-17.txt,1940-01-17,26,11,6,13944
90442,cn1947-05-14.txt,1947-05-14,33,25,4,7144
87483,cn1936-02-12.txt,1936-02-12,22,11,6,14365
87067,cn1929-02-27.txt,1929-02-27,15,14,6,18589
88656,cn1940-11-20.txt,1940-11-20,27,8,4,8809
90837,cn1951-01-17.txt,1951-01-17,37,11,6,13088
92402,cn1966-11-11.txt,1966-11-11,53,9,8,15463
91675,cn1961-05-10.txt,1961-05-10,47,22,6,13371
92450,cn1968-10-11.txt,1968-10-11,55,4,4,9692
92599,cn1965-12-10.txt,1965-12-10,52,10,4,8301
6502,cn1914-11-19.txt,1914-11-19,1,8,4,5459
89502,cn1937-02-17.txt,1937-02-17,23,14,6,15067
6808,cn1917-03-21.txt,1917-03-21,3,20,6,9646
92914,cn1964-10-15.txt,1964-10-15,51,22,6,13093
91860,cn1958-10-29.txt,1958-10-29,45,5,6,14573
90423,cn1954-04-28.txt,1954-04-28,40,21,6,12527
93053,cn1967-03-17.txt,1967-03-17,53,17,8,12782
92758,cn1965-11-05.txt,1965-11-05,52,6,6,13650
92950,cn1965-10-29.txt,1965-10-29,52,5,6,12174
86564,cn1925-11-04.txt,1925-11-04,12,6,6,10568
91454,cn1962-04-11.txt,1962-04-11,48,17,6,15998
75238,cn1923-03-07.txt,1923-03-07,9,17,6,9504
86280,cn1924-04-30.txt,1924-04-30,10,24,6,10929
87608,cn1933-03-01.txt,1933-03-01,19,13,6,12483
91188,cn1959-02-11.txt,1959-02-11,45,12,6,12766
88668,cn1943-10-28.txt,1943-10-28,30,5,4,8045
88915,cn1943-12-08.txt,1943-12-08,30,11,6,12330
88232,cn1929-01-23.txt,1929-01-23,15,15,4,13520
89071,cn1941-11-19.txt,1941-11-19,28,8,4,8827
87388,cn1934-11-14.txt,1934-11-14,21,5,8,22751
89488,cn1936-10-28.txt,1936-10-28,23,4,6,14181
6644,cn1915-11-04.txt,1915-11-04,2,6,4,8014
86266,cn1924-04-16.txt,1924-04-16,10,22,6,13224
90160,cn1950-11-08.txt,1950-11-08,37,6,8,18313
35242,cn1919-12-17.txt,1919-12-17,6,11,6,12196
92425,cn1963-10-11.txt,1963-10-11,50,3,5,9652
87773,cn1933-04-26.txt,1933-04-26,19,19,6,16453
89301,cn1943-03-17.txt,1943-03-17,29,19,4,8999
91181,cn1955-02-23.txt,1955-02-23,41,15,6,11990
35612,cn1920-10-20.txt,1920-10-20,7,4,6,12329
92132,cn1956-01-18.txt,1956-01-18,42,11,6,10405
91745,cn1957-10-09.txt,1957-10-09,44,2,6,12929
89551,cn1939-03-01.txt,1939-03-01,25,14,4,9617
87029,cn1933-10-25.txt,1933-10-25,20,3,4,9357
92695,cn1964-10-29.txt,1964-10-29,51,6,6,15116
87008,cn1928-03-07.txt,1928-03-07,14,16,6,19080
89635,cn1950-06-06.txt,1950-06-06,36,25,6,13068
89185,cn1943-11-03.txt,1943-11-03,30,6,4,8516
7774,cn1919-03-26.txt,1919-03-26,5,22,6,10583
87519,cn1931-04-15.txt,1931-04-15,17,18,6,15853
86721,cn1925-05-06.txt,1925-05-06,11,25,6,11587
91978,cn1955-03-16.txt,1955-03-16,41,18,6,12817
92340,cn1958-03-05.txt,1958-03-05,44,15,4,9139
90344,cn1945-04-25.txt,1945-04-25,31,23,4,9410
87615,cn1931-03-11.txt,1931-03-11,17,15,6,16142
88707,cn1942-04-22.txt,1942-04-22,28,22,4,7771
89604,cn1939-02-15.txt,1939-02-15,25,12,4,11568
87309,cn1935-10-30.txt,1935-10-30,22,3,6,14275
87960,cn1926-11-17.txt,1926-11-17,13,8,6,16987
75359,cn1922-10-11.txt,1922-10-11,9,2,6,10982
35590,cn1920-09-28.txt,1920-09-28,7,1,6,10272
92521,cn1963-11-01.txt,1963-11-01,50,6,8,17880
75388,cn1923-03-21.txt,1923-03-21,9,19,6,10952
87622,cn1933-05-10.txt,1933-05-10,19,21,6,9890
86651,cn1926-04-28.txt,1926-04-28,12,23,6,11158
87459,cn1935-06-05.txt,1935-06-05,21,25,6,16920
88482,cn1941-05-01.txt,1941-05-01,27,22,8,19065
88280,cn1932-11-09.txt,1932-11-09,19,4,4,10677
93000,cn1964-11-06.txt,1964-11-06,51,7,4,9535
52134,cn1922-02-15.txt,1922-02-15,8,13,6,11628
89102,cn1944-02-23.txt,1944-02-23,30,16,4,9590
91110,cn1951-06-05.txt,1951-06-05,37,24,6,9600
35246,cn1920-02-11.txt,1920-02-11,6,15,6,10499
88905,cn1940-11-05.txt,1940-11-05,27,6,4,8080
86702,cn1923-12-12.txt,1923-12-12,10,11,6,11079
90316,cn1951-05-09.txt,1951-05-09,37,22,6,12065
87853,cn1932-04-20.txt,1932-04-20,18,18,4,9733
91237,cn1954-11-17.txt,1954-11-17,41,8,6,12875
35243,cn1920-01-15.txt,1920-01-15,6,12,6,11041
92364,cn1957-05-08.txt,1957-05-08,43,22,4,7749
91708,cn1955-10-26.txt,1955-10-26,42,4,6,13345
87601,cn1927-03-09.txt,1927-03-09,13,18,6,16117
86585,cn1926-06-02.txt,1926-06-02,12,27,6,10053
87447,cn1931-02-11.txt,1931-02-11,17,11,4,10727
91209,cn1956-03-07.txt,1956-03-07,42,15,6,10669
91999,cn1957-02-13.txt,1957-02-13,43,12,6,11489
75252,cn1923-06-05.txt,1923-06-05,9,26,8,13841
87212,cn1931-02-18.txt,1931-02-18,17,12,4,12034
91537,cn1956-02-29.txt,1956-02-29,42,14,8,15241
91162,cn1957-03-13.txt,1957-03-13,43,16,4,9241
90354,cn1946-10-30.txt,1946-10-30,33,5,6,13036
93308,cn1963-03-06.txt,1963-03-06,49,15,4,11488
90691,cn1946-05-01.txt,1946-05-01,32,22,6,14749
89711,cn1949-05-11.txt,1949-05-11,35,24,6,12191
90648,cn1945-03-14.txt,1945-03-14,31,19,4,8844
90887,cn1951-02-14.txt,1951-02-14,37,12,6,13092
88067,cn1935-11-13.txt,1935-11-13,22,5,6,15523
88560,cn1938-04-27.txt,1938-04-27,24,23,7,17781
88685,cn1942-01-14.txt,1942-01-14,28,13,6,13655
90304,cn1952-10-22.txt,1952-10-22,39,4,4,7934
92623,cn1966-09-30.txt,1966-09-30,53,3,4,8692
87248,cn1930-12-17.txt,1930-12-17,17,9,4,13912
92831,cn1966-04-15.txt,1966-04-15,52,19,4,7513
35594,cn1921-01-19.txt,1921-01-19,7,13,6,12450
86856,cn1932-10-26.txt,1932-10-26,19,2,6,14579
89826,cn1947-12-10.txt,1947-12-10,34,10,4,7525
88804,cn1939-04-19.txt,1939-04-19,25,19,6,16961
75374,cn1922-11-28.txt,1922-11-28,9,9,6,10624
88373,cn1942-05-13.txt,1942-05-13,28,25,6,11532
6519,cn1915-04-29.txt,1915-04-29,1,25,4,7309
6643,cn1915-10-28.txt,1915-10-28,2,5,4,7564
6641,cn1915-10-14.txt,1915-10-14,2,3,4,7803
6523,cn1915-06-03.txt,1915-06-03,1,29,4,6959
86895,cn1935-05-01.txt,1935-05-01,21,22,6,16670
87787,cn1933-02-22.txt,1933-02-22,19,12,4,11263
92072,cn1956-12-05.txt,1956-12-05,43,8,6,11340
92772,cn1966-11-04.txt,1966-11-04,53,8,8,14686
91499,cn1956-02-15.txt,1956-02-15,42,12,6,11844
89853,cn1951-10-24.txt,1951-10-24,38,5,6,13555
88448,cn1944-01-12.txt,1944-01-12,30,12,4,9748
90782,cn1947-09-29.txt,1947-09-29,34,1,4,7239
91738,cn1961-12-13.txt,1961-12-13,48,10,6,11389
52146,cn1922-05-17.txt,1922-05-17,8,24,6,11827
90010,cn1948-05-04.txt,1948-05-04,34,23,6,12479
88867,cn1941-04-16.txt,1941-04-16,27,20,6,13504
86315,cn1924-11-19.txt,1924-11-19,11,8,6,11005
90947,cn1952-11-19.txt,1952-11-19,39,8,6,12623
6983,cn1917-10-03.txt,1917-10-03,4,1,6,10229
89180,cn1944-04-19.txt,1944-04-19,30,22,4,8488
86301,cn1924-12-10.txt,1924-12-10,11,10,6,10229
91270,cn1957-01-09.txt,1957-01-09,43,10,4,9617
89988,cn1945-10-17.txt,1945-10-17,32,3,4,8934
88747,cn1944-05-03.txt,1944-05-03,30,24,6,14882
6798,cn1916-12-13.txt,1916-12-13,3,10,6,11224
90122,cn1954-05-03.txt,1954-05-03,40,22,6,13320
91855,cn1955-05-11.txt,1955-05-11,41,24,4,6918
7760,cn1918-11-21.txt,1918-11-21,5,8,6,11740
87093,cn1933-12-06.txt,1933-12-06,20,8,8,16840
89537,cn1937-03-10.txt,1937-03-10,23,17,6,14991
90059,cn1953-01-14.txt,1953-01-14,39,12,6,11629
86509,cn1924-05-15.txt,1924-05-15,10,26,6,11759
90534,cn1944-11-01.txt,1944-11-01,31,6,4,10541
7008,cn1917-11-07.txt,1917-11-07,4,6,6,11390
52153,cn1921-11-22.txt,1921-11-22,8,8,6,12154
90332,cn1953-03-04.txt,1953-03-04,39,15,6,12945
89095,cn1942-03-18.txt,1942-03-18,28,19,6,11899
88988,cn1942-02-18.txt,1942-02-18,28,15,4,8672
87792,cn1936-04-15.txt,1936-04-15,22,20,6,13608
75296,cn1922-10-25.txt,1922-10-25,9,4,6,15658
91492,cn1957-03-20.txt,1957-03-20,43,17,6,13350
86644,cn1926-03-03.txt,1926-03-03,12,16,6,11198
90505,cn1945-12-05.txt,1945-12-05,32,9,4,8104
92393,cn1967-09-22.txt,1967-09-22,54,2,8,15478
90196,cn1953-02-25.txt,1953-02-25,39,14,4,6324
92635,cn1963-05-01.txt,1963-05-01,49,21,4,12119
89776,cn1951-05-01.txt,1951-05-01,37,21,6,12189
89483,cn1942-10-21.txt,1942-10-21,29,4,4,7877
92716,cn1962-10-24.txt,1962-10-24,49,5,4,10897
91638,cn1954-10-20.txt,1954-10-20,41,4,10,19066
6497,cn1914-10-15.txt,1914-10-15,1,3,4,5621
92640,cn1963-02-27.txt,1963-02-27,49,14,6,18176
89440,cn1938-02-23.txt,1938-02-23,24,15,4,9485
6507,cn1915-01-14.txt,1915-01-14,1,13,4,5804
91473,cn1958-12-17.txt,1958-12-17,45,10,6,14540
88045,cn1927-05-11.txt,1927-05-11,13,25,4,9705
88993,cn1936-11-04.txt,1936-11-04,23,5,6,14228
89284,cn1944-03-15.txt,1944-03-15,30,19,4,10056
92411,cn1962-09-21.txt,1962-09-21,49,1,6,15078
75275,cn1923-01-17.txt,1923-01-17,9,12,6,11947
88673,cn1937-10-13.txt,1937-10-13,24,2,4,9524
7777,cn1919-04-15.txt,1919-04-15,5,25,6,9315
90959,cn1953-04-15.txt,1953-04-15,39,19,6,12120
91100,cn1947-05-07.txt,1947-05-07,33,24,4,8041
88103,cn1927-12-07.txt,1927-12-07,14,8,6,15960
87899,cn1936-01-15.txt,1936-01-15,22,10,6,16229
86637,cn1925-04-22.txt,1925-04-22,11,23,6,11448
88363,cn1938-02-16.txt,1938-02-16,24,14,4,10246
87545,cn1935-03-13.txt,1935-03-13,21,16,6,14646
92786,cn1966-10-21.txt,1966-10-21,53,6,6,13599
92116,cn1959-02-28.txt,1959-02-28,45,14,8,18283
93153,cn1963-02-20.txt,1963-02-20,49,13,4,10986
90169,cn1945-11-28.txt,1945-11-28,32,8,4,8360
91026,cn1945-05-16.txt,1945-05-16,31,26,4,8447
91600,cn1960-02-17.txt,1960-02-17,46,13,6,15636
88527,cn1938-03-23.txt,1938-03-23,24,19,6,16385
88719,cn1938-03-16.txt,1938-03-16,24,18,6,14428
88910,cn1937-10-27.txt,1937-10-27,24,4,4,10032
86387,cn1925-10-28.txt,1925-10-28,12,5,6,10533
6806,cn1917-03-07.txt,1917-03-07,3,18,6,10392
91799,cn1957-11-20.txt,1957-11-20,44,8,4,7286
86345,cn1925-12-09.txt,1925-12-09,12,10,6,10716
86234,cn1925-03-04.txt,1925-03-04,11,17,6,10017
6511,cn1915-02-18.txt,1915-02-18,1,17,4,5598
87627,cn1935-05-08.txt,1935-05-08,21,23,8,20695
87865,cn1930-02-19.txt,1930-02-19,16,13,4,11299
90578,cn1946-03-20.txt,1946-03-20,32,18,6,13438
92222,cn1959-09-26.txt,1959-09-26,46,1,6,12637
91036,cn1953-04-22.txt,1953-04-22,39,20,6,13131
91621,cn1961-03-08.txt,1961-03-08,47,15,4,9212
91174,cn1958-02-12.txt,1958-02-12,44,12,6,14355
88237,cn1932-04-27.txt,1932-04-27,18,19,6,15982
6985,cn1917-12-19.txt,1917-12-19,4,11,6,10753
7762,cn1918-12-12.txt,1918-12-12,5,10,6,11192
90808,cn1952-01-16.txt,1952-01-16,38,13,6,12568
90561,cn1949-12-14.txt,1949-12-14,36,10,6,13958
89121,cn1941-10-08.txt,1941-10-08,28,2,6,12355
90485,cn1944-09-25.txt,1944-09-25,31,1,4,8751
88159,cn1935-04-17.txt,1935-04-17,21,20,6,13365
88154,cn1933-10-18.txt,1933-10-18,20,2,4,10210
91136,cn1948-12-01.txt,1948-12-01,35,9,4,8205
90148,cn1946-02-20.txt,1946-02-20,32,14,4,9548
89752,cn1952-04-16.txt,1952-04-16,38,21,6,11168
86329,cn1924-11-12.txt,1924-11-12,11,7,6,12246
91649,cn1955-03-02.txt,1955-03-02,41,16,4,8110
87022,cn1933-05-03.txt,1933-05-03,19,20,6,16011
87081,cn1928-05-23.txt,1928-05-23,14,26,4,10645
89881,cn1950-03-15.txt,1950-03-15,36,17,6,14394
89523,cn1941-10-15.txt,1941-10-15,28,3,6,12151
92345,cn1959-10-21.txt,1959-10-21,46,4,6,15490
86609,cn1925-03-11.txt,1925-03-11,11,18,6,9668
6810,cn1917-04-04.txt,1917-04-04,3,22,6,9457
6651,cn1916-01-06.txt,1916-01-06,2,13,4,8047
6668,cn1916-06-01.txt,1916-06-01,2,30,4,5810
92850,cn1964-10-22.txt,1964-10-22,51,5,4,10034
92995,cn1965-09-24.txt,1965-09-24,52,1,4,7436
92039,cn1959-11-11.txt,1959-11-11,46,7,4,7651
92479,cn1966-10-14.txt,1966-10-14,53,5,8,16263
91414,cn1962-03-07.txt,1962-03-07,48,15,6,15631
89993,cn1953-10-28.txt,1953-10-28,40,5,6,14203
90397,cn1952-02-20.txt,1952-02-20,38,15,6,15035
88520,cn1941-03-19.txt,1941-03-19,27,18,6,12980
86902,cn1928-03-28.txt,1928-03-28,14,19,4,12006
6666,cn1916-05-11.txt,1916-05-11,2,28,4,7192
86373,cn1926-02-24.txt,1926-02-24,12,15,6,10794
87117,cn1929-10-16.txt,1929-10-16,16,2,4,12267
7756,cn1918-10-24.txt,1918-10-24,5,4,6,10865
89670,cn1945-03-21.txt,1945-03-21,31,20,4,9296
88050,cn1926-11-28.txt,1926-11-28,13,9,6,17098
87440,cn1928-11-21.txt,1928-11-21,15,7,6,15633
88943,cn1937-05-05.txt,1937-05-05,23,24,6,16057
75261,cn1922-11-15.txt,1922-11-15,9,7,6,11593
91759,cn1954-11-03.txt,1954-11-03,41,6,6,12259
88290,cn1931-10-07.txt,1931-10-07,18,1,6,15504
88166,cn1930-11-19.txt,1930-11-19,17,7,6,16855
86530,cn1924-10-22.txt,1924-10-22,11,4,6,10948
87473,cn1927-11-09.txt,1927-11-09,14,5,4,11242
87048,cn1933-01-11.txt,1933-01-11,19,9,4,10257
35596,cn1921-02-16.txt,1921-02-16,7,15,6,13581
90677,cn1954-02-24.txt,1954-02-24,40,14,6,12452
91614,cn1958-04-16.txt,1958-04-16,44,19,6,11928
87745,cn1935-03-06.txt,1935-03-06,21,15,6,15981
35245,cn1920-01-30.txt,1920-01-30,6,14,6,9683
89495,cn1944-06-06.txt,1944-06-06,30,27,6,12994
6654,cn1916-02-10.txt,1916-02-10,2,16,4,7748
92726,cn1967-10-20.txt,1967-10-20,54,5,8,15127
52151,cn1921-11-09.txt,1921-11-09,8,6,6,12421
93005,cn1967-02-17.txt,1967-02-17,53,13,8,12255
91893,cn1955-05-31.txt,1955-05-31,41,25,6,9544
86957,cn1934-11-21.txt,1934-11-21,21,6,6,15908
89836,cn1946-12-11.txt,1946-12-11,33,10,6,14060
88126,cn1934-10-31.txt,1934-10-31,21,3,6,15513
6496,cn1914-10-08.txt,1914-10-08,1,2,4,6500
91513,cn1958-02-19.txt,1958-02-19,44,13,6,14970
87662,cn1932-05-06.txt,1932-05-06,18,20,18,31898
88173,cn1928-11-14.txt,1928-11-14,15,6,4,11139
88922,cn1937-02-24.txt,1937-02-24,23,15,6,15510
92931,cn1964-02-21.txt,1964-02-21,50,13,4,10502
86464,cn1924-03-05.txt,1924-03-05,10,17,7,13502
91631,cn1959-11-04.txt,1959-11-04,46,6,6,15459
52144,cn1922-05-03.txt,1922-05-03,8,22,6,11318
90092,cn1949-02-16.txt,1949-02-16,35,14,8,16579
90770,cn1948-12-15.txt,1948-12-15,35,11,6,14082
86795,cn1930-10-22.txt,1930-10-22,17,3,4,10675
6791,cn1916-10-18.txt,1916-10-18,3,3,4,6557
89197,cn1944-04-12.txt,1944-04-12,30,21,6,13362
90556,cn1946-01-16.txt,1946-01-16,32,11,4,7978
86559,cn1926-03-31.txt,1926-03-31,12,20,4,7041
89320,cn1938-10-19.txt,1938-10-19,25,2,4,11095
86749,cn1923-11-14.txt,1923-11-14,10,7,6,12868
88929,cn1942-12-09.txt,1942-12-09,29,11,6,14277
52152,cn1921-11-16.txt,1921-11-16,8,7,6,11777
88323,cn1936-03-25.txt,1936-03-25,22,18,6,15184
92027,cn1956-02-22.txt,1956-02-22,42,13,6,12777
88606,cn1941-11-26.txt,1941-11-26,28,9,6,12017
7759,cn1918-11-14.txt,1918-11-14,5,7,6,10801
88465,cn1939-01-18.txt,1939-01-18,25,11,4,9843
88096,cn1934-11-07.txt,1934-11-07,21,4,6,14855
86686,cn1925-03-18.txt,1925-03-18,11,19,8,13624
7758,cn1918-11-07.txt,1918-11-07,5,6,6,10148
91282,cn1962-01-17.txt,1962-01-17,48,11,4,10935
89365,cn1939-03-08.txt,1939-03-08,25,15,6,16342
87372,cn1933-05-17.txt,1933-05-17,19,22,6,16107
90978,cn1946-10-23.txt,1946-10-23,33,4,4,8230
6505,cn1914-12-17.txt,1914-12-17,1,11,4,5384
6498,cn1914-10-22.txt,1914-10-22,1,4,4,6542
90854,cn1945-02-21.txt,1945-02-21,31,16,4,9259
86938,cn1931-12-09.txt,1931-12-09,18,8,6,14250
92139,cn1958-10-15.txt,1958-10-15,45,3,4,9488
92735,cn1968-04-05.txt,1968-04-05,54,17,8,17173
87848,cn1936-01-08.txt,1936-01-08,22,9,4,13003
87107,cn1930-10-15.txt,1930-10-15,17,2,4,12258
6663,cn1916-04-13.txt,1916-04-13,2,25,4,6773
86493,cn1925-06-03.txt,1925-06-03,11,27,8,13076
88761,cn1943-10-07.txt,1943-10-07,30,2,4,9103
7011,cn1917-11-28.txt,1917-11-28,4,9,6,10310
91966,cn1960-04-06.txt,1960-04-06,46,19,6,11820
91216,cn1954-10-13.txt,1954-10-13,41,3,6,12803
91334,cn1959-12-09.txt,1959-12-09,46,10,6,14502
92765,cn1966-04-22.txt,1966-04-22,52,20,6,14576
91131,cn1946-05-15.txt,1946-05-15,32,24,4,8676
90880,cn1948-03-11.txt,1948-03-11,34,17,6,12572
75303,cn1923-01-24.txt,1923-01-24,9,13,6,11808
7780,cn1919-05-14.txt,1919-05-14,5,28,6,11239
90736,cn1944-11-15.txt,1944-11-15,31,8,4,9937
87719,cn1936-04-29.txt,1936-04-29,22,22,6,14014
92749,cn1965-04-30.txt,1965-04-30,51,21,8,17783
92721,cn1963-11-15.txt,1963-11-15,50,8,4,8595
91752,cn1956-05-01.txt,1956-05-01,42,21,6,13550
91682,cn1959-05-06.txt,1959-05-06,45,23,4,9816
89430,cn1938-11-09.txt,1938-11-09,25,5,4,9941
92561,cn1965-03-05.txt,1965-03-05,51,15,4,9193
88644,cn1939-01-11.txt,1939-01-11,25,10,6,17626
90940,cn1954-05-12.txt,1954-05-12,40,23,6,12575
86599,cn1924-05-07.txt,1924-05-07,10,25,9,14461
86336,cn1926-05-05.txt,1926-05-05,12,24,8,14674
75282,cn1922-11-22.txt,1922-11-22,9,8,6,9751
86872,cn1934-05-02.txt,1934-05-02,20,22,8,20158
93209,cn1966-03-04.txt,1966-03-04,52,15,8,18803
87167,cn1933-12-20.txt,1933-12-20,20,10,4,12514
91973,cn1960-03-02.txt,1960-03-02,46,15,4,7963
87858,cn1929-04-17.txt,1929-04-17,15,19,6,14691
89919,cn1950-10-18.txt,1950-10-18,37,3,6,10974
89654,cn1952-05-01.txt,1952-05-01,38,23,8,15616
87636,cn1927-04-20.txt,1927-04-20,13,22,6,14158
91818,cn1960-10-01.txt,1960-10-01,47,1,6,13859
89740,cn1950-01-11.txt,1950-01-11,36,11,6,13129
88541,cn1939-12-13.txt,1939-12-13,26,9,6,12771
89066,cn1943-04-21.txt,1943-04-21,29,22,4,9393
91105,cn1946-12-18.txt,1946-12-18,33,11,4,10241
86544,cn1924-01-16.txt,1924-01-16,10,13,8,13537
91230,cn1959-05-13.txt,1959-05-13,45,24,6,12450
92571,cn1968-03-08.txt,1968-03-08,54,16,8,15682
91244,cn1961-12-06.txt,1961-12-06,48,9,6,14172
87222,cn1929-02-20.txt,1929-02-20,15,13,4,12089
7773,cn1919-03-19.txt,1919-03-19,5,21,6,11329
90045,cn1949-10-12.txt,1949-10-12,36,2,6,13397
86436,cn1925-05-13.txt,1925-05-13,11,26,6,11734
89050,cn1940-03-27.txt,1940-03-27,26,18,6,14266
88339,cn1941-09-26.txt,1941-09-26,28,1,4,8559
88962,cn1940-03-13.txt,1940-03-13,26,16,6,13701
86658,cn1925-10-07.txt,1925-10-07,12,2,6,11137
91379,cn1958-10-08.txt,1958-10-08,45,2,6,13893
86352,cn1925-11-11.txt,1925-11-11,12,7,6,11646
92990,cn1964-01-14.txt,1964-01-14,50,11,4,9798
92604,cn1968-10-04.txt,1968-10-04,55,3,4,7968
92286,cn1960-05-31.txt,1960-05-31,46,22,4,7508
86472,cn1924-10-15.txt,1924-10-15,11,3,6,11744
93233,cn1967-09-29.txt,1967-09-29,54,3,6,12073
92926,cn1965-01-15.txt,1965-01-15,51,11,4,9136
6664,cn1916-04-20.txt,1916-04-20,2,26,4,7717
6508,cn1915-01-21.txt,1915-01-21,1,14,4,5403
86665,cn1926-04-14.txt,1926-04-14,12,21,6,10219
92326,cn1956-05-16.txt,1956-05-16,42,23,6,10436
86924,cn1935-05-15.txt,1935-05-15,21,24,6,14523
92201,cn1954-11-10.txt,1954-11-10,41,7,6,12893
90966,cn1950-11-29.txt,1950-11-29,37,8,6,7691
92291,cn1956-04-11.txt,1956-04-11,42,18,6,11265
35259,cn1920-06-02.txt,1920-06-02,6,29,6,9894
90758,cn1949-11-09.txt,1949-11-09,36,6,6,14528
75245,cn1922-10-05.txt,1922-10-05,9,1,6,11875
88780,cn1937-02-10.txt,1937-02-10,23,13,6,14634
89954,cn1947-03-05.txt,1947-03-05,33,17,6,13917
92688,cn1962-10-17.txt,1962-10-17,49,4,6,16088
90546,cn1948-10-13.txt,1948-10-13,35,3,4,8034
91919,cn1960-10-26.txt,1960-10-26,47,4,6,13222
89888,cn1945-01-10.txt,1945-01-10,31,12,4,9593
87686,cn1932-11-30.txt,1932-11-30,19,6,4,11379
89580,cn1938-12-14.txt,1938-12-14,25,9,6,14880
88147,cn1933-10-11.txt,1933-10-11,20,1,6,14516
87435,cn1931-04-29.txt,1931-04-29,17,20,4,10651
35241,cn1919-12-10.txt,1919-12-10,6,10,7,11689
86248,cn1925-04-08.txt,1925-04-08,11,21,8,14056
87655,cn1930-02-12.txt,1930-02-12,16,12,6,14734
89409,cn1939-05-01.txt,1939-05-01,25,21,6,16561
89469,cn1937-04-21.txt,1937-04-21,23,22,6,16318
93263,cn1963-12-13.txt,1963-12-13,50,10,8,16908
89031,cn1939-04-12.txt,1939-04-12,25,18,6,17842
89704,cn1953-05-13.txt,1953-05-13,39,23,6,12011
87292,cn1935-01-16.txt,1935-01-16,21,11,6,16444
93185,cn1966-11-18.txt,1966-11-18,53,10,6,11921
93272,cn1964-02-28.txt,1964-02-28,50,14,8,20136
87948,cn1935-01-09.txt,1935-01-09,21,10,4,11572
86763,cn1926-10-06.txt,1926-10-06,13,2,4,9607
6792,cn1916-10-25.txt,1916-10-25,3,4,4,6944
6647,cn1915-11-25.txt,1915-11-25,2,9,4,7398
52140,cn1922-03-28.txt,1922-03-28,8,19,6,10948
52150,cn1921-11-02.txt,1921-11-02,8,5,6,11869
92262,cn1961-02-22.txt,1961-02-22,47,13,6,14933
90801,cn1947-05-02.txt,1947-05-02,33,23,6,12938
91014,cn1948-03-03.txt,1948-03-03,34,16,6,13189
92065,cn1958-03-19.txt,1958-03-19,44,17,6,13479
89843,cn1946-03-27.txt,1946-03-27,32,19,4,8675
90230,cn1949-10-26.txt,1949-10-26,36,4,6,14143
88754,cn1939-03-22.txt,1939-03-22,25,17,6,15945
87172,cn1931-10-14.txt,1931-10-14,18,2,6,15006
90551,cn1946-06-11.txt,1946-06-11,32,26,4,8066
35593,cn1921-01-12.txt,1921-01-12,7,12,6,12872
35614,cn1920-11-03.txt,1920-11-03,7,6,6,10891
91985,cn1960-03-16.txt,1960-03-16,46,17,6,14139
90643,cn1948-04-28.txt,1948-04-28,34,22,4,6845
90383,cn1953-10-07.txt,1953-10-07,40,2,6,12221
86987,cn1935-02-20.txt,1935-02-20,21,13,6,16488
91626,cn1954-12-08.txt,1954-12-08,41,10,4,7690
87227,cn1928-11-07.txt,1928-11-07,15,5,6,16463
92614,cn1968-04-26.txt,1968-04-26,54,18,8,16417
7778,cn1919-04-30.txt,1919-04-30,5,26,6,9438
35595,cn1921-02-09.txt,1921-02-09,7,14,6,13127
88084,cn1936-05-13.txt,1936-05-13,22,24,6,14714
91687,cn1956-09-30.txt,1956-09-30,43,1,6,9957
6814,cn1917-05-09.txt,1917-05-09,3,26,6,10661
90179,cn1952-03-12.txt,1952-03-12,38,18,6,13447
89232,cn1943-01-22.txt,1943-01-22,29,13,4,9960
90256,cn1952-12-03.txt,1952-12-03,39,9,6,15619
92507,cn1963-06-03.txt,1963-06-03,49,23,8,13101
91265,cn1961-01-11.txt,1961-01-11,47,10,4,10744
6802,cn1917-01-24.txt,1917-01-24,3,14,6,10855
86994,cn1935-02-13.txt,1935-02-13,21,12,6,16226
88268,cn1934-02-21.txt,1934-02-21,20,14,6,16379
75324,cn1923-02-28.txt,1923-02-28,9,16,6,12926
7763,cn1918-12-19.txt,1918-12-19,5,11,6,11572
35254,cn1920-04-21.txt,1920-04-21,6,24,6,10204
92369,cn1957-11-13.txt,1957-11-13,44,7,6,13925
92086,cn1954-09-26.txt,1954-09-26,41,1,4,6214
92654,cn1964-04-24.txt,1964-04-24,50,20,6,15838
87253,cn1928-01-18.txt,1928-01-18,14,11,6,19238
92493,cn1967-03-03.txt,1967-03-03,53,15,8,18597
52149,cn1921-10-26.txt,1921-10-26,8,4,6,12282
92194,cn1959-10-28.txt,1959-10-28,46,5,6,13443
90309,cn1954-02-17.txt,1954-02-17,40,13,6,12436
87526,cn1932-04-13.txt,1932-04-13,18,17,6,15017
89860,cn1952-11-05.txt,1952-11-05,39,6,6,13035
88601,cn1942-11-18.txt,1942-11-18,29,8,4,8694
89609,cn1938-10-12.txt,1938-10-12,25,1,6,16084
90660,cn1945-12-12.txt,1945-12-12,32,10,4,9329
86919,cn1928-04-25.txt,1928-04-25,14,22,4,11460
92034,cn1961-03-22.txt,1961-03-22,47,17,4,9236
93148,cn1965-04-23.txt,1965-04-23,51,20,4,9498
90263,cn1947-02-19.txt,1947-02-19,33,15,4,7609
90573,cn1944-10-04.txt,1944-10-04,31,2,4,9640
90361,cn1948-02-25.txt,1948-02-25,34,15,4,8613
93192,cn1964-11-13.txt,1964-11-13,51,8,6,13253
86227,cn1924-02-20.txt,1924-02-20,10,15,6,11805
6795,cn1916-11-15.txt,1916-11-15,3,7,4,6988
88192,cn1932-03-02.txt,1932-03-02,18,14,6,16182
86728,cn1926-03-10.txt,1926-03-10,12,17,6,11587
88830,cn1942-03-04.txt,1942-03-04,28,17,6,13503
6800,cn1917-01-10.txt,1917-01-10,3,12,6,10141
90997,cn1950-12-13.txt,1950-12-13,37,10,6,12658
87712,cn1935-03-27.txt,1935-03-27,21,18,6,14106
6807,cn1917-03-14.txt,1917-03-14,3,19,6,10615
7010,cn1917-11-22.txt,1917-11-22,4,8,6,10008
90292,cn1952-11-12.txt,1952-11-12,39,7,6,13774
7781,cn1919-06-03.txt,1919-06-03,5,29,6,10756
87127,cn1932-03-23.txt,1932-03-23,18,16,4,11066
86716,cn1925-11-18.txt,1925-11-18,12,8,4,8474
91654,cn1960-03-10.txt,1960-03-10,46,16,6,14321
35608,cn1921-05-11.txt,1921-05-11,7,26,6,12389
88427,cn1942-10-07.txt,1942-10-07,29,2,6,14808
88204,cn1934-03-21.txt,1934-03-21,20,18,6,14632
7766,cn1919-01-22.txt,1919-01-22,5,14,6,10683
52131,cn1921-12-14.txt,1921-12-14,8,10,6,12557
92803,cn1965-04-16.txt,1965-04-16,51,19,6,13256
87332,cn1929-05-15.txt,1929-05-15,15,23,4,10848
92744,cn1967-04-21.txt,1967-04-21,53,19,4,9243
88185,cn1933-11-08.txt,1933-11-08,20,5,6,14324
91299,cn1957-03-27.txt,1957-03-27,43,18,7,15077
91914,cn1962-03-14.txt,1962-03-14,48,16,4,10108
92151,cn1955-04-13.txt,1955-04-13,41,20,6,11779
7002,cn1918-05-23.txt,1918-05-23,4,27,6,10348
87993,cn1927-05-18.txt,1927-05-18,13,26,6,16399
90510,cn1945-11-14.txt,1945-11-14,32,7,4,7704
92544,cn1965-10-08.txt,1965-10-08,52,2,6,13527
90787,cn1948-11-17.txt,1948-11-17,35,8,6,13619
92566,cn1963-11-08.txt,1963-11-08,50,7,4,9577
86735,cn1923-11-07.txt,1923-11-07,10,6,6,10074
92681,cn1962-10-31.txt,1962-10-31,49,6,6,15547
89190,cn1936-11-11.txt,1936-11-11,23,6,6,15754
90242,cn1952-09-28.txt,1952-09-28,39,1,6,10173
7003,cn1918-05-30.txt,1918-05-30,4,28,6,10777
92274,cn1962-02-14.txt,1962-02-14,48,12,6,14849
6504,cn1914-12-10.txt,1914-12-10,1,10,4,5379
88651,cn1943-10-14.txt,1943-10-14,30,3,4,9438
89730,cn1951-04-25.txt,1951-04-25,37,20,4,8530
91067,cn1947-12-03.txt,1947-12-03,34,9,4,7014
87490,cn1930-04-23.txt,1930-04-23,16,20,4,11928
88726,cn1937-03-02.txt,1937-03-02,23,16,8,20631
91155,cn1947-04-16.txt,1947-04-16,33,21,6,11049
93106,cn1967-02-24.txt,1967-02-24,53,14,8,16511
35615,cn1920-11-10.txt,1920-11-10,7,7,6,9839
88534,cn1942-05-06.txt,1942-05-06,28,24,6,13918
89218,cn1937-03-17.txt,1937-03-17,23,18,6,13439
88306,cn1932-12-07.txt,1932-12-07,19,7,6,17065
89961,cn1949-01-12.txt,1949-01-12,35,12,4,7782
93129,cn1968-05-27.txt,1968-05-27,54,19,4,7672
86950,cn1928-04-03.txt,1928-04-03,14,20,6,18522
87650,cn1927-10-19.txt,1927-10-19,14,2,4,9773
89341,cn1941-05-14.txt,1941-05-14,27,24,6,11889
87466,cn1933-03-22.txt,1933-03-22,19,16,6,15859
88256,cn1927-11-16.txt,1927-11-16,14,6,4,11879
92099,cn1961-10-04.txt,1961-10-04,48,2,4,9006
86322,cn1925-12-16.txt,1925-12-16,12,11,6,10142
89516,cn1943-02-10.txt,1943-02-10,29,14,6,13400
87726,cn1931-02-25.txt,1931-02-25,17,13,6,15357
87538,cn1928-12-12.txt,1928-12-12,15,9,6,16268
86553,cn1926-01-13.txt,1926-01-13,12,12,6,6337
89675,cn1953-03-11.txt,1953-03-11,39,16,4,7759
90746,cn1950-04-26.txt,1950-04-26,36,21,6,14741
88886,cn1943-02-24.txt,1943-02-24,29,16,6,11572
35237,cn1919-11-05.txt,1919-11-05,6,6,6,10528
92388,cn1963-10-25.txt,1963-10-25,50,5,4,9094
91558,cn1955-02-16.txt,1955-02-16,41,14,6,13162
91402,cn1960-12-14.txt,1960-12-14,47,9,4,7304
92305,cn1957-10-23.txt,1957-10-23,44,4,6,13383
7775,cn1919-04-02.txt,1919-04-02,5,23,6,10442
6656,cn1916-02-24.txt,1916-02-24,2,18,4,8169
86380,cn1925-10-14.txt,1925-10-14,12,3,6,10896
92158,cn1961-03-01.txt,1961-03-01,47,14,4,9301
89277,cn1942-02-11.txt,1942-02-11,28,14,6,13028
88950,cn1936-11-18.txt,1936-11-18,23,7,6,15559
92441,cn1967-11-10.txt,1967-11-10,54,8,8,15274
6797,cn1916-11-29.txt,1916-11-29,3,9,6,9141
35610,cn1921-06-01.txt,1921-06-01,7,28,6,11393
92551,cn1963-05-08.txt,1963-05-08,49,22,4,9861
92810,cn1963-03-13.txt,1963-03-13,49,16,6,15450
88742,cn1943-02-17.txt,1943-02-17,29,15,4,9283
6801,cn1917-01-17.txt,1917-01-17,3,13,6,10413
86623,cn1924-04-09.txt,1924-04-09,10,21,6,10429
87533,cn1928-11-28.txt,1928-11-28,15,8,4,12172
90901,cn1946-12-04.txt,1946-12-04,33,9,4,7477
92298,cn1959-03-11.txt,1959-03-11,45,16,6,12346
6514,cn1915-03-11.txt,1915-03-11,1,20,4,9191
87186,cn1936-05-03.txt,1936-05-03,22,23,18,32474
87568,cn1928-02-22.txt,1928-02-22,14,14,6,19592
92702,cn1965-03-12.txt,1965-03-12,51,16,6,14446
86241,cn1923-10-04.txt,1923-10-04,10,1,6,9886
90129,cn1945-10-31.txt,1945-10-31,32,5,6,11110
87925,cn1933-03-08.txt,1933-03-08,19,14,4,9711
89133,cn1940-05-15.txt,1940-05-15,26,23,6,13320
93204,cn1968-02-16.txt,1968-02-16,54,13,4,8909
90108,cn1950-03-08.txt,1950-03-08,36,16,6,13734
86809,cn1932-10-19.txt,1932-10-19,19,1,8,19479
52145,cn1922-05-10.txt,1922-05-10,8,23,6,11888
91287,cn1958-05-14.txt,1958-05-14,44,23,4,7217
90349,cn1952-01-09.txt,1952-01-09,38,12,4,6127
89244,cn1939-02-22.txt,1939-02-22,25,13,6,15729
75381,cn1923-04-17.txt,1923-04-17,9,21,6,10954
7004,cn1918-06-05.txt,1918-06-05,4,29,6,9832
52148,cn1921-10-19.txt,1921-10-19,8,3,5,9192
92104,cn1961-05-01.txt,1961-05-01,47,21,4,13349
91148,cn1947-01-22.txt,1947-01-22,33,13,6,11745
88505,cn1942-11-04.txt,1942-11-04,29,6,4,9972
88000,cn1930-11-12.txt,1930-11-12,17,6,4,10831
89509,cn1937-04-28.txt,1937-04-28,23,23,6,14256
90990,cn1950-11-01.txt,1950-11-01,37,5,6,11905
91043,cn1954-06-01.txt,1954-06-01,40,24,4,7433
6988,cn1918-01-25.txt,1918-01-25,4,14,6,10684
89800,cn1949-12-07.txt,1949-12-07,36,9,6,14602
88634,cn1944-02-16.txt,1944-02-16,30,15,4,10244
93158,cn1966-02-18.txt,1966-02-18,52,13,4,9683
35247,cn1920-02-26.txt,1920-02-26,6,16,8,15204
88851,cn1937-05-12.txt,1937-05-12,23,25,6,14917
88881,cn1937-11-10.txt,1937-11-10,24,6,4,9121
87074,cn1930-10-08.txt,1930-10-08,17,1,6,16571
6500,cn1914-11-05.txt,1914-11-05,1,6,4,5637
86863,cn1934-04-11.txt,1934-04-11,20,19,8,21459
92516,cn1967-03-10.txt,1967-03-10,53,16,4,7171
89616,cn1938-06-01.txt,1938-06-01,24,26,6,17007
6815,cn1917-05-16.txt,1917-05-16,3,27,6,10816
7768,cn1919-02-12.txt,1919-02-12,5,16,6,10266
89874,cn1952-06-03.txt,1952-06-03,38,25,6,11667
87155,cn1928-02-29.txt,1928-02-29,14,15,4,12322
87353,cn1927-12-20.txt,1927-12-20,14,10,4,12936
89976,cn1946-10-16.txt,1946-10-16,33,3,4,7942
87733,cn1935-12-11.txt,1935-12-11,22,8,6,14737
91223,cn1954-12-15.txt,1954-12-15,41,11,6,13531
91694,cn1958-11-12.txt,1958-11-12,45,7,6,15527
7009,cn1917-11-14.txt,1917-11-14,4,7,6,10588
89395,cn1937-10-06.txt,1937-10-06,24,1,6,14710
90906,cn1945-04-11.txt,1945-04-11,31,21,4,7497
92236,cn1958-05-07.txt,1958-05-07,44,22,4,7243
87001,cn1933-03-15.txt,1933-03-15,19,15,6,15916
91701,cn1960-10-19.txt,1960-10-19,47,3,6,13308
89325,cn1941-12-03.txt,1941-12-03,28,10,6,13665
52136,cn1922-03-01.txt,1922-03-01,8,15,6,12072
88392,cn1942-05-01.txt,1942-05-01,28,23,6,15156
52137,cn1922-03-08.txt,1922-03-08,8,16,6,11444
88313,cn1929-11-26.txt,1929-11-26,16,8,2,6706
87799,cn1927-06-01.txt,1927-06-01,13,27,6,16743
87986,cn1928-10-17.txt,1928-10-17,15,2,6,17504
87887,cn1928-10-10.txt,1928-10-10,15,1,4,11475
92333,cn1961-10-25.txt,1961-10-25,48,5,6,15817
91794,cn1957-06-04.txt,1957-06-04,43,24,4,8038
90875,cn1946-02-13.txt,1946-02-13,32,13,4,7401
88261,cn1936-03-04.txt,1936-03-04,22,15,6,15316
91327,cn1957-05-01.txt,1957-05-01,43,21,6,16010
91581,cn1960-10-12.txt,1960-10-12,47,2,6,12839
91780,cn1961-11-15.txt,1961-11-15,48,8,6,15140
92900,cn1962-12-05.txt,1962-12-05,49,9,6,16061
88874,cn1941-11-12.txt,1941-11-12,28,7,6,12757
75366,cn1922-12-13.txt,1922-12-13,9,10,7,13203
89568,cn1944-03-22.txt,1944-03-22,30,20,4,10043
88678,cn1940-03-20.txt,1940-03-20,26,17,6,11477
92877,cn1968-02-23.txt,1968-02-23,54,14,8,18703
35609,cn1921-05-18.txt,1921-05-18,7,27,6,12105
89386,cn1940-04-24.txt,1940-04-24,26,20,8,17859
91959,cn1956-04-18.txt,1956-04-18,42,19,6,12248
91661,cn1960-02-10.txt,1960-02-10,46,12,6,14979
91004,cn1949-03-09.txt,1949-03-09,35,17,4,7262
93014,cn1968-02-02.txt,1968-02-02,54,11,8,13768
89764,cn1950-03-01.txt,1950-03-01,36,15,6,13535
89900,cn1945-02-14.txt,1945-02-14,31,15,4,8441
7765,cn1919-01-15.txt,1919-01-15,5,13,6,9948
89147,cn1940-05-01.txt,1940-05-01,26,21,8,18714
6794,cn1916-11-08.txt,1916-11-08,3,6,4,7238
86768,cn1926-10-02.txt,1926-10-02,13,1,4,8402
86742,cn1925-09-30.txt,1925-09-30,12,1,6,11253
6789,cn1916-10-04.txt,1916-10-04,3,1,4,7053
90971,cn1954-01-13.txt,1954-01-13,40,11,6,13380
87260,cn1929-02-13.txt,1929-02-13,15,12,6,15617
88893,cn1944-04-26.txt,1944-04-26,30,23,4,8647
88811,cn1937-03-24.txt,1937-03-24,23,19,4,9343
91449,cn1961-10-18.txt,1961-10-18,48,4,4,8597
35238,cn1919-11-12.txt,1919-11-12,6,7,6,9939
88434,cn1938-04-20.txt,1938-04-20,24,22,6,16390
86881,cn1935-02-27.txt,1935-02-27,21,14,6,15986
52132,cn1922-01-11.txt,1922-01-11,8,11,6,12523
93023,cn1967-09-16.txt,1967-09-16,54,1,4,7950
86800,cn1928-05-02.txt,1928-05-02,14,23,8,21660
93258,cn1966-03-11.txt,1966-03-11,52,16,4,8327
35606,cn1921-04-27.txt,1921-04-27,7,24,6,11213
93180,cn1963-03-20.txt,1963-03-20,49,17,4,10705
92781,cn1964-10-08.txt,1964-10-08,51,3,4,8836
6809,cn1917-03-28.txt,1917-03-28,3,21,6,9605
86450,cn1925-01-14.txt,1925-01-14,11,12,6,10596
86479,cn1924-03-12.txt,1924-03-12,10,18,6,9831
87452,cn1935-03-20.txt,1935-03-20,21,17,6,13865
6518,cn1915-04-22.txt,1915-04-22,1,24,4,7444
91867,cn1961-03-15.txt,1961-03-15,47,16,6,14367
91881,cn1958-01-15.txt,1958-01-15,44,11,4,10075
91525,cn1962-02-28.txt,1962-02-28,48,14,6,9543
87561,cn1934-01-17.txt,1934-01-17,20,12,6,16516
90638,cn1946-04-17.txt,1946-04-17,32,20,4,7071
91461,cn1959-01-14.txt,1959-01-14,45,11,4,7416
90609,cn1947-11-12.txt,1947-11-12,34,7,4,8387
87832,cn1931-06-02.txt,1931-06-02,17,23,6,17868
86523,cn1924-03-25.txt,1924-03-25,10,20,6,9722
90299,cn1944-10-18.txt,1944-10-18,31,4,4,9939
35234,cn1919-10-14.txt,1919-10-14,6,3,4,6477
90568,cn1949-04-20.txt,1949-04-20,35,21,4,7802
91931,cn1955-01-12.txt,1955-01-12,41,12,6,12697
92163,cn1957-12-18.txt,1957-12-18,44,10,6,15705
89251,cn1938-11-02.txt,1938-11-02,25,4,6,15835
90724,cn1949-02-23.txt,1949-02-23,35,15,6,13153
90280,cn1952-10-29.txt,1952-10-29,39,5,4,10869
88898,cn1937-10-20.txt,1937-10-20,24,3,6,14788
92182,cn1962-06-05.txt,1962-06-05,48,22,4,9004
7767,cn1919-01-30.txt,1919-01-30,5,15,6,9438
91321,cn1962-04-18.txt,1962-04-18,48,18,5,11578
90859,cn1953-05-01.txt,1953-05-01,39,21,8,17136
93037,cn1964-05-01.txt,1964-05-01,50,21,6,11744
6667,cn1916-05-18.txt,1916-05-18,2,29,4,5905
92502,cn1964-02-07.txt,1964-02-07,50,12,4,8445
89573,cn1941-02-26.txt,1941-02-26,27,15,6,12564
89379,cn1941-06-04.txt,1941-06-04,27,25,6,15818
93075,cn1965-10-22.txt,1965-10-22,52,4,4,8588
90268,cn1954-04-21.txt,1954-04-21,40,20,4,9157
87179,cn1935-04-24.txt,1935-04-24,21,21,6,13582
35601,cn1920-10-06.txt,1920-10-06,7,2,6,11060
35248,cn1920-03-03.txt,1920-03-03,6,17,6,9470
6991,cn1918-02-28.txt,1918-02-28,4,17,6,9881
88297,cn1935-04-10.txt,1935-04-10,21,19,8,19651
91407,cn1958-03-26.txt,1958-03-26,44,18,6,10703
89045,cn1943-03-24.txt,1943-03-24,29,20,4,8287
6992,cn1918-03-07.txt,1918-03-07,4,18,6,12968
90220,cn1945-11-07.txt,1945-11-07,32,6,4,8735
86516,cn1923-11-27.txt,1923-11-27,10,9,6,11418
89358,cn1941-05-07.txt,1941-05-07,27,23,6,11997
92471,cn1964-03-13.txt,1964-03-13,50,16,7,15567
93090,cn1965-02-26.txt,1965-02-26,51,14,8,18875
86502,cn1926-05-19.txt,1926-05-19,53,2,6,10172
91668,cn1961-11-01.txt,1961-11-01,48,6,6,15078
91055,cn1950-09-30.txt,1950-09-30,37,1,4,9656
93099,cn1963-03-27.txt,1963-03-27,49,18,6,11033
89353,cn1943-11-24.txt,1943-11-24,30,9,4,7265
90366,cn1948-11-03.txt,1948-11-03,35,6,6,14512
90249,cn1949-11-30.txt,1949-11-30,36,8,6,14327
88692,cn1940-12-18.txt,1940-12-18,27,11,4,7488
87365,cn1927-10-26.txt,1927-10-26,14,3,6,19874
88038,cn1936-04-08.txt,1936-04-08,22,19,6,16700
88821,cn1944-05-17.txt,1944-05-17,30,26,8,15479
6984,cn1917-12-13.txt,1917-12-13,4,10,6,11541
7776,cn1919-04-09.txt,1919-04-09,5,24,6,9971
87397,cn1929-11-13.txt,1929-11-13,16,6,6,23030
6659,cn1916-03-16.txt,1916-03-16,2,21,4,7021
89592,cn1943-04-14.txt,1943-04-14,29,21,6,12659
7757,cn1918-10-31.txt,1918-10-31,5,5,6,10215
90777,cn1945-04-18.txt,1945-04-18,31,22,4,9289
91952,cn1961-09-27.txt,1961-09-27,48,1,6,12956
91251,cn1956-12-12.txt,1956-12-12,43,9,6,12557
6793,cn1916-11-01.txt,1916-11-01,3,5,4,6144
87241,cn1934-02-14.txt,1934-02-14,20,13,6,17987
88356,cn1940-11-27.txt,1940-11-27,27,9,6,13766
87015,cn1932-11-02.txt,1932-11-02,19,3,6,15745
89735,cn1950-05-17.txt,1950-05-17,36,24,4,9579
6996,cn1918-03-27.txt,1918-03-27,4,21,6,10940
91804,cn1956-01-11.txt,1956-01-11,42,10,6,10478
52138,cn1922-03-15.txt,1922-03-15,8,17,6,11498
90237,cn1945-10-24.txt,1945-10-24,32,4,4,8729
86571,cn1925-02-18.txt,1925-02-18,11,15,6,10024
91546,cn1957-10-16.txt,1957-10-16,44,3,6,13376
89140,cn1938-05-11.txt,1938-05-11,24,25,6,14704
90849,cn1947-10-22.txt,1947-10-22,34,4,4,7543
89454,cn1943-03-03.txt,1943-03-03,29,17,4,8993
91048,cn1946-03-13.txt,1946-03-13,32,17,6,13257
35257,cn1920-05-13.txt,1920-05-13,6,27,6,10817
6509,cn1915-01-28.txt,1915-01-28,1,15,4,5368
86818,cn1934-04-18.txt,1934-04-18,20,20,6,13893
6646,cn1915-11-18.txt,1915-11-18,2,8,4,7818
87870,cn1932-02-17.txt,1932-02-17,18,12,4,9665
86308,cn1924-10-01.txt,1924-10-01,11,1,6,9654
90527,cn1952-10-08.txt,1952-10-08,39,2,6,12457
92864,cn1967-04-14.txt,1967-04-14,53,18,12,20601
75395,cn1923-02-21.txt,1923-02-21,9,15,6,11465
88702,cn1938-12-07.txt,1938-12-07,25,8,4,11999
90285,cn1946-11-20.txt,1946-11-20,33,8,6,12420
86273,cn1923-10-31.txt,1923-10-31,10,5,6,11076
87285,cn1934-05-09.txt,1934-05-09,20,23,6,13131
90153,cn1951-03-07.txt,1951-03-07,37,15,6,12678
89725,cn1951-05-16.txt,1951-05-16,37,23,4,6802
6653,cn1916-01-20.txt,1916-01-20,2,15,4,7773
6510,cn1915-02-11.txt,1915-02-11,1,16,4,5109
89168,cn1942-02-25.txt,1942-02-25,28,16,6,13630
92936,cn1966-02-25.txt,1966-02-25,52,14,4,8556
86844,cn1929-04-24.txt,1929-04-24,15,20,6,18662
89848,cn1947-11-05.txt,1947-11-05,34,6,4,7751
90033,cn1950-02-15.txt,1950-02-15,36,13,6,13160
6515,cn1915-03-18.txt,1915-03-18,1,21,4,9675
89128,cn1938-11-16.txt,1938-11-16,25,7,4,10292
87122,cn1928-04-18.txt,1928-04-18,14,21,4,11579
86213,cn1924-02-27.txt,1924-02-27,10,16,6,11480
87267,cn1927-04-13.txt,1927-04-13,13,21,8,22808
87681,cn1927-11-02.txt,1927-11-02,14,4,4,11385
92020,cn1959-10-14.txt,1959-10-14,46,3,6,13130
89647,cn1952-02-27.txt,1952-02-27,38,16,6,14388
92418,cn1968-09-27.txt,1968-09-27,55,2,6,14054
93223,cn1964-11-20.txt,1964-11-20,51,9,4,7972
88244,cn1934-01-10.txt,1934-01-10,20,11,6,16898
6790,cn1916-10-11.txt,1916-10-11,3,2,4,7844
86837,cn1929-03-13.txt,1929-03-13,15,16,6,16733
86964,cn1931-10-28.txt,1931-10-28,18,4,6,17329
90457,cn1948-01-29.txt,1948-01-29,34,12,4,7161
89021,cn1937-12-15.txt,1937-12-15,24,10,4,9739
92170,cn1955-10-02.txt,1955-10-02,42,1,4,8732
92530,cn1963-11-22.txt,1963-11-22,50,9,4,9022
35256,cn1920-05-07.txt,1920-05-07,6,26,6,8427
